{"accuracy": 0.7436265709156193, "auc": 0.5018228616183461, "precision": 0.4166666666666667, "recall": 0.007022471910112359, "f1_score": 0.013812154696132598, "confusion_matrix": [[2066, 7], [707, 5]]}