{"accuracy": 0.6932121859967931, "auc": 0.5357579413332312, "precision": 0.3025936599423631, "recall": 0.2402745995423341, "f1_score": 0.26785714285714285, "confusion_matrix": [[1192, 242], [332, 105]]}